K,architectures,classifier,accuracy,precision_macro,recall_macro,f1_macro
1,resnet50,Logistic Regression,0.6554959785522788,0.6564416290639824,0.6554959785522788,0.6549745804652
1,resnet50,Random Forest,0.6916890080428955,0.7085297866185014,0.6916890080428955,0.6853359741784038
1,resnet50,XGBoost,0.6997319034852547,0.7109456248624111,0.6997319034852547,0.6956876456876457
1,resnet50,SVM,0.6943699731903485,0.7168100441757731,0.6943699731903485,0.6862516509381756
1,densenet121,Logistic Regression,0.6554959785522788,0.6554970961991835,0.6554959785522788,0.6554953595141191
1,densenet121,Random Forest,0.7184986595174263,0.7567677143074337,0.7184986595174263,0.7076038672589495
1,densenet121,XGBoost,0.710455764075067,0.7550721733903636,0.710455764075067,0.6972152279303995
1,densenet121,SVM,0.6662198391420912,0.6748790078644888,0.6662198391420912,0.662036253677494
1,inception_v3,Logistic Regression,0.6689008042895442,0.6692523768366465,0.6689008042895442,0.6687287744032562
1,inception_v3,Random Forest,0.6809651474530831,0.7106392590919358,0.6809651474530831,0.6693188506209538
1,inception_v3,XGBoost,0.6796246648793566,0.7195119808867965,0.6796246648793566,0.664378288328141
1,inception_v3,SVM,0.6796246648793566,0.6963960140827361,0.6796246648793566,0.6726358019591102
1,resnet34,Logistic Regression,0.5951742627345844,0.6107806473742774,0.5951742627345844,0.5803961886030589
1,resnet34,Random Forest,0.6541554959785523,0.6733089298845281,0.6541554959785523,0.6443286395387515
1,resnet34,XGBoost,0.6621983914209115,0.690606708166868,0.6621983914209115,0.6491246407107395
1,resnet34,SVM,0.6166219839142091,0.6211355407070066,0.6166219839142091,0.6130172019763047
1,vgg16,Logistic Regression,0.710455764075067,0.7707322034525164,0.710455764075067,0.6933896563534651
1,vgg16,Random Forest,0.707774798927614,0.7491488903253609,0.707774798927614,0.6951174701731495
1,vgg16,XGBoost,0.707774798927614,0.7726994009716524,0.707774798927614,0.6892806921007582
1,vgg16,SVM,0.7024128686327078,0.7713446066387243,0.7024128686327078,0.6822315857336925
